Order ID,Customer Name,Product Category,Product Name,Order Date,Quantity,Unit Price,Status,Country,Payment Method
1,Allison Hill,Electronics,Smartphone,2024-05-20,4,238,Completed,Australia,Mobile Money
2,Lance Hoffman,Books,Fiction,2024-10-29,7,42,Completed,Australia,Credit Card
3,Brent Abbott,Apparel,Sneakers,2024-10-28,5,838,Completed,United Kingdom,Credit Card
4,Edward Fuller,Groceries,Cereal,2024-05-22,3,230,Completed,United Kingdom,Credit Card
5,Melinda Jones,Electronics,Headphones,2024-10-01,2,954,Returned,China,Cash
6,Andrew Stewart,Home Decor,Vase,2024-07-04,10,206,Completed,Nigeria,Cash
7,Nicole Patterson,Groceries,Cereal,2024-03-24,6,373,Returned,Australia,Cash
8,Anthony Rodriguez,Electronics,Camera,2024-11-21,3,556,Completed,Nigeria,Credit Card
9,Shannon Smith,Groceries,Milk,2024-05-18,9,234,Completed,Nigeria,Credit Card
10,Pamela Romero,Apparel,T-Shirt,2024-06-10,7,284,Returned,Australia,Credit Card
11,Tammy Sellers,Home Decor,Curtains,2024-12-01,8,415,Completed,Nigeria,Cash
12,Joseph Obrien,Books,Children's Book,2024-07-04,4,151,Completed,Nigeria,Credit Card
13,Austin Smith,Electronics,Smartphone,2024-03-19,3,821,Returned,Nigeria,Bank Transfer
14,David Caldwell,Electronics,Headphones,2024-07-14,10,489,Returned,Nigeria,Cash
15,Matthew Gomez,Electronics,Smartphone,2024-12-15,9,778,Completed,United States,Cash
16,Maria Brown,Home Decor,Wall Art,2024-03-21,8,13,Returned,Nigeria,Bank Transfer
16,Maria Brown,Home Decor,Wall Art,2024-03-21,8,13,Returned,Nigeria,Bank Transfer
17,Clifford Ford,Apparel,Dress,2024-02-24,5,871,Returned,Nigeria,Mobile Money
18,Tammy Allison,Apparel,Jeans,2024-07-10,3,562,Completed,United Kingdom,Bank Transfer
19,Rachel Gibson,Books,Biography,2024-09-07,1,124,Completed,United States,Mobile Money
20,Lauren Daniels,Electronics,Laptop,2024-10-17,2,97,Completed,Nigeria,Bank Transfer
21,Joseph Obrien,Books,Children's Book,2024-07-04,4,151,Completed,Nigeria,Mobile Money
22,Amanda Miller,Books,Cookbook,2024-08-04,4,961,Returned,Nigeria,Mobile Money
23,Michael Evans,Home Decor,Wall Art,2024-12-09,6,458,Completed,Nigeria,Credit Card
24,Angel Lewis MD,Apparel,Jeans,2024-02-02,6,31,Completed,Nigeria,Cash
25,Joshua Turner,Books,Non-Fiction,2024-01-04,2,734,Completed,Nigeria,Bank Transfer
26,Douglas Clark,Electronics,Smartphone,2024-06-18,2,536,Returned,Australia,Mobile Money
27,Kimberly Davenport,Groceries,Milk,2024-08-27,1,200,Completed,Nigeria,Bank Transfer
28,Richard Rodriguez,Books,Fiction,2024-01-26,9,866,Completed,Australia,Cash
29,Matthew Ross,Apparel,Sneakers,2024-09-05,8,228,Completed,United Kingdom,Cash
30,Victoria Johnson,Groceries,Juice,2024-12-04,8,168,Completed,Australia,Credit Card
31,Stephanie Lee,Electronics,Camera,2024-10-04,1,775,Completed,United States,Credit Card
32,Benjamin Beck,Books,Children's Book,2024-09-14,9,171,Completed,Australia,Cash
33,Stephanie Gilbert,Electronics,Camera,2024-05-06,10,618,Completed,Australia,Bank Transfer
34,Jeffrey Carpenter,Groceries,Juice,2024-10-16,9,333,Returned,United States,Bank Transfer
35,Curtis Johnson,Home Decor,Table Lamp,2024-01-05,8,646,Completed,Nigeria,Bank Transfer
36,Michael Snyder,Books,Non-Fiction,2024-09-16,5,,Completed,United States,Mobile Money
37,Melissa Marshall,Home Decor,Cushion,2024-03-21,8,863,Returned,Nigeria,Bank Transfer
38,Michelle Wagner,Books,Fiction,2024-12-07,9,316,Completed,Nigeria,Mobile Money
39,Sara Ramirez,Home Decor,Table Lamp,2024-02-24,9,169,Returned,United States,Cash
40,George Orozco,Apparel,Jacket,2024-04-14,5,527,Completed,China,Credit Card
41,Joshua Perry,Electronics,Headphones,2024-05-21,1,13,Returned,United States,Cash
42,Aaron Bell,Home Decor,Curtains,2024-08-14,9,732,Completed,China,Cash
43,Stephanie Freeman,Electronics,Smartphone,2024-12-19,3,568,Returned,Australia,Bank Transfer
44,Rebecca Ramsey,Books,Non-Fiction,2024-08-08,3,52,Completed,United States,Bank Transfer
45,Mary Miller,Home Decor,Curtains,2024-12-15,4,692,Returned,Australia,Credit Card
46,Andre Wright,Apparel,T-Shirt,2024-07-14,1,889,Completed,China,Mobile Money
47,Jeffrey Wood,Books,Biography,2024-01-15,2,908,Returned,United States,Bank Transfer
48,Samuel Rivas,Electronics,Headphones,2024-01-01,9,957,Returned,United Kingdom,Bank Transfer
49,Daniel Salinas,Apparel,Jacket,2024-08-08,2,981,Returned,Nigeria,Credit Card
50,Michael West,Groceries,Cereal,2024-10-10,3,206,Returned,China,Credit Card
51,Elizabeth Ward,Groceries,Milk,2024-12-11,4,533,Returned,China,Bank Transfer
52,Kristen Terry,Electronics,Tablet,2024-09-20,10,353,Returned,Australia,Bank Transfer
53,David Grant,Books,Fiction,2024-08-21,7,917,Completed,Nigeria,Mobile Money
54,Kevin Patterson,Groceries,Milk,2024-07-23,4,161,Completed,Nigeria,Bank Transfer
55,Juan Moore,Groceries,Pasta,2024-03-31,9,485,Completed,Australia,Credit Card
56,Dwayne Campbell,Electronics,Headphones,2024-03-09,8,693,Returned,Nigeria,Mobile Money
57,Samantha Morse,Apparel,Sneakers,2024-08-18,5,779,Returned,Australia,Cash
58,Kathryn Snyder,Groceries,Pasta,2024-05-20,8,89,Completed,Nigeria,Credit Card
59,Alicia Hubbard,Home Decor,Cushion,2024-06-12,9,92,Completed,Australia,Credit Card
60,Tanya Kim,Apparel,Jacket,2024-08-11,8,39,Returned,China,Credit Card
61,Bruce Collier,Books,Cookbook,2024-12-05,1,95,Completed,Nigeria,Mobile Money
62,Kimberly Gibson,Electronics,Headphones,2024-01-10,9,63,Returned,United States,Mobile Money
63,Reginald Williams,Electronics,Smartphone,2024-01-16,4,214,Returned,United Kingdom,Mobile Money
64,Amanda Shaw,Apparel,Jeans,2024-03-05,8,695,Completed,Australia,Credit Card
65,Alexis Thomas,Groceries,Cereal,2024-07-07,3,630,Completed,Nigeria,Mobile Money
66,Sarah Villarreal,Home Decor,Table Lamp,2024-10-23,1,961,Returned,United States,Mobile Money
67,Cynthia Cohen,Groceries,Milk,2024-04-11,2,616,Completed,Nigeria,Mobile Money
68,Michele Garcia,Home Decor,Vase,2024-03-02,10,811,Returned,Australia,Mobile Money
69,Joel King,Groceries,Rice,2024-08-09,6,660,Returned,United Kingdom,Credit Card
70,Brooke Alexander,Apparel,Sneakers,2024-03-31,9,998,Returned,Nigeria,Cash
71,Ann Phillips,Books,Biography,2024-10-11,1,539,Completed,Australia,Bank Transfer
72,Richard Smith,Books,Biography,2024-08-30,9,553,Returned,United States,Bank Transfer
73,David Johnson,Books,Biography,2024-06-29,8,287,Completed,United States,Cash
74,Elizabeth Ortiz,Electronics,Laptop,2024-06-10,2,770,Completed,Nigeria,Bank Transfer
75,Teresa Ramirez,Electronics,Laptop,2024-05-31,4,379,Completed,Australia,Cash
76,Michael Stephens,Books,Non-Fiction,2024-05-20,1,65,Returned,Nigeria,Cash
77,Kristen Willis,Groceries,Cereal,2024-04-04,1,268,Completed,United Kingdom,Mobile Money
78,Rebecca Rodriguez,Electronics,Headphones,2024-09-08,2,600,Completed,Nigeria,Cash
79,Jessica Rodriguez DDS,Groceries,Cereal,2024-10-28,7,322,Completed,Nigeria,Cash
80,Donald Schultz,Books,Fiction,2024-04-16,4,280,Completed,Nigeria,Credit Card
81,Emily Edwards,Books,Children's Book,2024-05-29,1,247,Returned,United States,Cash
82,Anna Davis,Groceries,Rice,2024-12-17,4,956,Returned,United States,Credit Card
83,Jordan Moore,Apparel,T-Shirt,2024-01-31,3,821,Returned,United States,Mobile Money
84,Phillip Andrews,Books,Biography,2024-08-12,2,489,Returned,Nigeria,Cash
85,Christopher Park,Groceries,Cereal,2024-09-13,9,515,Returned,China,Mobile Money
86,Andrea Figueroa,Electronics,Headphones,2024-06-14,10,266,Completed,Australia,Mobile Money
87,Karla Ramos,Books,Children's Book,2024-05-22,3,609,Completed,China,Mobile Money
88,Michael Watkins,Groceries,Cereal,2024-07-28,6,338,Completed,Nigeria,Mobile Money
89,Eric Clark,Home Decor,Wall Art,2024-12-21,8,305,Returned,Nigeria,Credit Card
90,Thomas Atkins,Books,Fiction,2024-12-02,9,483,Completed,China,Credit Card
91,Alex Nguyen,Books,Biography,2024-11-14,8,650,Completed,China,Cash
92,Kelly Foster,Home Decor,Vase,2024-03-08,5,458,Completed,Nigeria,Mobile Money
93,Kerry Lee,Electronics,Camera,2024-05-02,3,328,Returned,Nigeria,Mobile Money
94,Rebecca Vargas,Apparel,Sneakers,2024-10-09,3,402,Returned,Australia,Bank Transfer
95,John Hernandez,Electronics,Tablet,2024-06-01,10,603,Completed,Nigeria,Bank Transfer
96,Katelyn Perez,Electronics,Camera,2024-08-21,1,749,Returned,Australia,Mobile Money
97,George Miranda,Apparel,T-Shirt,2024-08-28,5,356,Returned,Nigeria,Mobile Money
98,Jackson Ball,Electronics,Tablet,2024-12-11,9,399,Returned,United States,Mobile Money
99,Vincent Mueller,Electronics,Camera,2024-02-05,4,656,Completed,Nigeria,Cash
100,Tracy Montoya,Electronics,Headphones,2024-02-20,2,464,Completed,Australia,Credit Card
101,Phillip Nelson,Electronics,Tablet,2024-01-29,5,377,Completed,United States,Credit Card
102,Jonathan Young,Apparel,Dress,2024-07-29,10,708,Completed,United Kingdom,Cash
103,Howard Norman,Apparel,T-Shirt,2024-11-17,1,326,Completed,United Kingdom,Bank Transfer
104,Stephanie Hughes,Books,Biography,2024-03-08,2,941,Returned,United States,Cash
105,Samantha Gardner,Groceries,Pasta,2024-04-12,3,815,Returned,Nigeria,Cash
106,William Gould,Home Decor,Table Lamp,2024-08-27,2,154,Returned,United Kingdom,Cash
107,Laura Moreno,Books,Fiction,2024-08-20,6,698,Returned,Nigeria,Cash
108,Kathryn Hughes,Groceries,Cereal,2024-02-25,4,492,Returned,Australia,Mobile Money
109,Benjamin Thompson,Home Decor,Vase,2024-04-23,2,660,Returned,United Kingdom,Bank Transfer
110,Betty Shaw,Groceries,Pasta,2024-07-04,2,712,Returned,United States,Mobile Money
111,Todd Jacobson,Home Decor,Table Lamp,2024-07-22,5,204,Completed,Australia,Bank Transfer
112,Martin Vargas,Apparel,Dress,2024-01-11,1,815,Completed,United States,Mobile Money
113,Travis Wise,Books,Non-Fiction,2024-02-05,9,222,Completed,Nigeria,Credit Card
114,Stephen Gardner,Home Decor,Curtains,2024-11-01,1,293,Completed,United Kingdom,Cash
115,Jesse Barker,Books,Biography,2024-03-30,2,686,Completed,United Kingdom,Mobile Money
116,James Gilbert,Groceries,Cereal,2024-09-19,10,121,Completed,China,Cash
117,Shawn Jimenez,Books,Fiction,2024-12-03,9,318,Completed,China,Credit Card
118,Kyle Cameron,Groceries,Milk,2024-08-06,2,512,Completed,Nigeria,Mobile Money
119,Monica Gallagher,Electronics,Tablet,2024-11-07,3,77,Returned,Australia,Cash
120,Brent Brooks,Groceries,Juice,2024-11-05,7,111,Returned,United Kingdom,Bank Transfer
121,Brenda Velazquez,Groceries,Milk,2024-07-31,2,330,Returned,China,Bank Transfer
122,Katie Hicks,Home Decor,Cushion,2024-03-19,8,78,Completed,Australia,Credit Card
123,Veronica Silva,Groceries,Rice,2024-07-09,3,579,Returned,Australia,Credit Card
124,Michelle Hampton,Books,Biography,2024-12-09,2,430,Returned,United States,Bank Transfer
125,Ashley Smith,Electronics,Tablet,2024-11-03,5,370,Returned,Australia,Mobile Money
126,Gloria Gomez,Books,Biography,2024-02-28,5,597,Returned,Australia,Bank Transfer
127,Courtney Dudley,Books,Cookbook,2024-12-11,9,36,Completed,Nigeria,Bank Transfer
128,Timothy Pope,Apparel,Jacket,2024-12-25,5,953,Completed,United States,Mobile Money
129,Tina Ballard,Apparel,Jeans,2024-10-16,7,81,Completed,Australia,Credit Card
130,Anthony Stein,Home Decor,Cushion,2024-10-17,10,96,Completed,Australia,Cash
131,Matthew Velez,Books,Children's Book,2024-07-31,5,230,Completed,United Kingdom,Credit Card
132,Alexandra Bradley,Books,Biography,2024-01-24,4,414,Completed,Nigeria,Mobile Money
133,Nicole Thompson,Electronics,Smartphone,2024-09-11,7,189,Returned,Australia,Credit Card
134,Stacy Carrillo,Groceries,Cereal,2024-02-28,7,31,Returned,United States,Credit Card
135,Justin Brown,Books,Children's Book,2024-09-25,2,415,Returned,United Kingdom,Cash
136,Steven Griffin Jr.,Home Decor,Curtains,2024-06-19,3,88,Returned,Nigeria,Mobile Money
137,Aaron Robinson,Books,Non-Fiction,2024-06-27,6,754,Completed,United Kingdom,Mobile Money
138,Jason Mack,Electronics,Laptop,2024-05-11,4,187,Returned,Nigeria,Mobile Money
139,Michael Stanley,Electronics,Laptop,2024-11-17,8,485,Returned,United Kingdom,Bank Transfer
140,Julie Ball,Groceries,Juice,2024-11-25,10,340,Completed,United Kingdom,Cash
141,Donald Pineda,Groceries,Rice,2024-08-28,8,656,Returned,United States,Mobile Money
142,Jill Powers,Electronics,Tablet,2024-09-16,2,327,Completed,China,Bank Transfer
143,Donna Cabrera,Electronics,Tablet,2024-05-26,2,670,Returned,United Kingdom,Credit Card
144,Jason Hernandez,Books,Non-Fiction,2024-06-13,10,497,Completed,Nigeria,Bank Transfer
145,Michael Shaffer,Groceries,Rice,2024-06-24,2,526,Completed,Nigeria,Cash
146,Kristin Mendoza,Home Decor,Cushion,2024-07-17,7,803,Completed,United States,Mobile Money
147,Jose Crawford,Home Decor,Wall Art,2024-03-07,10,735,Returned,Australia,Credit Card
148,Connie Thomas,Groceries,Cereal,2024-03-06,9,105,Returned,Nigeria,Bank Transfer
149,Robert Jackson,Apparel,Jeans,2024-03-11,3,89,Returned,United States,Bank Transfer
150,Kelly Combs,Books,Cookbook,2024-01-20,6,907,Completed,United Kingdom,Mobile Money
151,Antonio Little,Books,Children's Book,2024-03-19,3,195,Completed,United Kingdom,Mobile Money
152,James Tran,Books,Cookbook,2024-08-02,3,846,Completed,Australia,Bank Transfer
153,Tamara Hall,Home Decor,Table Lamp,2024-11-24,8,905,Completed,United States,Bank Transfer
154,Jennifer Ayala,Electronics,Tablet,2024-04-24,1,336,Completed,Australia,Credit Card
155,Kevin James,Apparel,T-Shirt,2024-05-26,8,722,Returned,United Kingdom,Cash
156,Derrick Adams,Electronics,Smartphone,2024-09-12,10,558,Returned,Australia,Mobile Money
157,Michelle Simpson,Apparel,Jeans,2024-05-29,7,11,Completed,Nigeria,Mobile Money
158,Scott Alexander,Books,Children's Book,2024-04-05,2,546,Returned,United States,Cash
159,Ernest Oconnell,Books,Cookbook,2024-09-16,9,30,Completed,China,Mobile Money
160,Randall Johnson,Apparel,T-Shirt,2024-10-24,6,146,Returned,Australia,Credit Card
161,Ryan Pope,Home Decor,Curtains,2024-12-16,8,722,Completed,China,Bank Transfer
162,Jay Bennett,Electronics,Headphones,2024-01-19,5,216,Completed,Australia,Bank Transfer
163,Lonnie Hart,Electronics,Laptop,2024-05-26,6,892,Returned,United Kingdom,Credit Card
164,Eric Patrick,Electronics,Headphones,2024-02-10,7,626,Returned,United Kingdom,Cash
165,Rhonda Brown,Electronics,Tablet,2024-11-10,7,291,Completed,Nigeria,Credit Card
166,Emily Price,Groceries,Cereal,2024-09-19,3,985,Returned,Australia,Cash
167,Jill Jackson,Books,Children's Book,2024-10-14,2,278,Returned,United Kingdom,Mobile Money
168,Ashley Wilson,Groceries,Pasta,2024-11-09,5,720,Completed,China,Credit Card
169,Ashley Greer PhD,Apparel,T-Shirt,2024-08-19,3,930,Completed,Nigeria,Cash
170,Charles Clark,Apparel,Jeans,2024-07-04,9,239,Completed,Australia,Cash
171,Brandi Thomas,Books,Non-Fiction,2024-11-09,2,77,Returned,United States,Credit Card
172,Mark Burton,Groceries,Juice,2024-07-29,7,853,Completed,Nigeria,Mobile Money
173,Paul Neal,Home Decor,Table Lamp,2024-08-18,8,706,Completed,Nigeria,Mobile Money
174,Raymond Oconnor,Books,Cookbook,2024-04-03,3,453,Completed,Nigeria,Cash
175,Aaron Rubio,Apparel,Jacket,2024-11-10,9,105,Returned,Nigeria,Cash
176,Steven Martin,Books,Non-Fiction,2024-03-28,10,747,Returned,Nigeria,Cash
177,Jennifer Anderson MD,Apparel,Dress,2024-08-01,10,664,Returned,Australia,Bank Transfer
178,Emily Taylor,Groceries,Pasta,2024-06-23,10,157,Returned,United States,Bank Transfer
179,Matthew Bowers,Apparel,Sneakers,2024-03-03,5,470,Completed,Australia,Bank Transfer
180,Samantha Green,Apparel,Jacket,2024-07-06,7,384,Completed,Australia,Mobile Money
181,Jesse Ward,Books,Children's Book,2024-10-08,5,855,Completed,Nigeria,Cash
182,Tyler Johnson,Apparel,Jeans,2024-11-04,9,421,Completed,Nigeria,Mobile Money
183,Patricia Collins,Apparel,Dress,2024-09-20,3,345,Completed,Nigeria,Bank Transfer
184,Jacob Bonilla,Groceries,Juice,2024-06-02,10,354,Returned,Nigeria,Bank Transfer
185,Anthony Shea DDS,Electronics,Headphones,2024-10-25,5,825,Returned,Nigeria,Mobile Money
186,Kathy Walsh,Groceries,Cereal,2024-12-01,10,601,Returned,Australia,Mobile Money
187,Cynthia Green,Groceries,Pasta,2024-09-25,10,803,Completed,United Kingdom,Bank Transfer
188,Melissa Williams,Electronics,Laptop,2024-09-22,4,584,Returned,United States,Mobile Money
189,Anthony Evans,Groceries,Cereal,2024-03-29,8,944,Returned,Nigeria,Credit Card
190,Antonio Norman,Home Decor,Cushion,2024-11-08,8,206,Returned,Australia,Cash
191,Kenneth Underwood,Groceries,Cereal,2024-10-13,5,304,Returned,Australia,Bank Transfer
192,Danielle Phillips,Electronics,Tablet,2024-12-31,2,364,Returned,China,Cash
193,Curtis Wilkerson,Groceries,Pasta,2024-04-13,9,287,Completed,Nigeria,Credit Card
194,Kathryn Price,Electronics,Camera,2024-10-27,4,258,Completed,Australia,Credit Card
195,Kevin Hall,Apparel,T-Shirt,2024-02-21,7,348,Completed,Nigeria,Credit Card
196,Kristy Hart,Apparel,Jacket,2024-06-13,5,671,Returned,Australia,Mobile Money
197,Joseph Smith,Books,Non-Fiction,2024-09-30,1,945,Completed,Australia,Bank Transfer
198,Sarah Valencia,Electronics,Headphones,2024-09-10,3,969,Completed,Nigeria,Cash
199,Patricia Bradley,Apparel,T-Shirt,2024-06-18,3,758,Returned,China,Cash
200,William Jackson,Apparel,T-Shirt,2024-06-21,5,591,Completed,Nigeria,Mobile Money
201,Michelle Williams,Books,Children's Book,2024-08-06,9,345,Returned,Australia,Bank Transfer
202,Fernando Lynn,Groceries,Pasta,2024-08-16,5,986,Returned,United States,Mobile Money
203,Lisa Webb,Books,Fiction,2024-05-13,6,719,Returned,Australia,Bank Transfer
204,Jennifer Spencer,Electronics,Headphones,2024-06-06,3,425,Returned,Nigeria,Bank Transfer
205,Sara Hernandez,Home Decor,Table Lamp,2024-11-23,5,386,Completed,Nigeria,Bank Transfer
206,Steven Baker,Books,Children's Book,2024-10-02,4,790,Completed,Australia,Credit Card
207,Dennis Marshall,Books,Children's Book,2024-09-27,6,89,Completed,Nigeria,Credit Card
208,Cynthia Evans,Books,Children's Book,2024-02-29,4,744,Completed,Nigeria,Credit Card
209,Beth Henderson,Books,Fiction,2024-10-13,8,698,Returned,United Kingdom,Bank Transfer
210,Thomas Sloan,Electronics,Headphones,2024-05-10,1,773,Completed,Australia,Bank Transfer
211,Kara Jackson,Groceries,Milk,2024-07-12,7,92,Completed,Nigeria,Mobile Money
212,Steve Rivera,Home Decor,Table Lamp,2024-04-01,9,412,Returned,Nigeria,Credit Card
213,Caitlin Collins,Apparel,T-Shirt,2024-01-17,7,639,Completed,United Kingdom,Credit Card
214,Corey Whitaker,Apparel,T-Shirt,2024-02-21,10,44,Returned,China,Cash
215,Madison Martinez,Electronics,Laptop,2024-01-23,7,459,Completed,Australia,Credit Card
216,Penny Lewis,Books,Cookbook,2024-12-10,6,252,Returned,United States,Cash
217,Carlos Thompson,Books,Non-Fiction,2024-07-30,5,291,Returned,Australia,Cash
218,James Bailey,Apparel,Sneakers,2024-10-11,8,58,Returned,United States,Bank Transfer
219,Brian Hunt,Home Decor,Wall Art,2024-07-28,3,317,Returned,China,Cash
220,Sarah Pittman,Electronics,Camera,2024-04-07,1,284,Returned,China,Mobile Money
221,Courtney Walker,Electronics,Smartphone,2024-04-06,10,751,Completed,Nigeria,Cash
222,Edward York,Groceries,Pasta,2024-06-19,5,989,Completed,Australia,Mobile Money
223,Steve Mason,Electronics,Headphones,2024-05-04,10,730,Completed,Australia,Mobile Money
224,Penny Anderson,Apparel,Jacket,2024-06-09,7,56,Returned,Nigeria,Cash
225,Joseph Cross,Apparel,T-Shirt,2024-05-13,9,967,Returned,Nigeria,Mobile Money
226,Shawn Collins,Groceries,Cereal,2024-03-19,4,347,Returned,Australia,Credit Card
227,Joy Meyer,Apparel,Sneakers,2024-10-08,6,273,Returned,United Kingdom,Bank Transfer
228,Alex Wagner,Apparel,Dress,2024-11-24,1,546,Returned,Australia,Cash
229,Martha Smith,Electronics,Smartphone,2024-07-30,3,872,Completed,Nigeria,Cash
230,Matthew Bates,Apparel,T-Shirt,2024-04-21,9,476,Returned,United States,Bank Transfer
231,Autumn Wilson,Books,Children's Book,2024-12-03,8,26,Returned,Australia,Cash
232,Michael Meadows,Electronics,Camera,2024-12-23,7,835,Completed,Australia,Bank Transfer
233,Sarah Ward,Home Decor,Wall Art,2024-02-10,6,992,Returned,China,Mobile Money
234,Charles Holland,Apparel,Jeans,2024-06-02,2,679,Completed,United Kingdom,Mobile Money
235,Robert White,Groceries,Milk,2024-07-12,9,497,Returned,Australia,Bank Transfer
236,Karen Fisher,Apparel,T-Shirt,2024-09-12,7,670,Returned,United Kingdom,Bank Transfer
237,Jason Williams,Home Decor,Table Lamp,2024-02-08,5,930,Returned,Nigeria,Credit Card
238,Vanessa Santiago,Electronics,Laptop,2024-06-10,1,994,Completed,Australia,Mobile Money
239,Erica Rivera,Books,Biography,2024-07-15,3,819,Returned,Nigeria,Mobile Money
240,Alicia Powell,Books,Cookbook,2024-10-31,7,802,Returned,United States,Credit Card
241,Brian Prince,Apparel,T-Shirt,2024-02-12,5,167,Returned,China,Cash
242,Janice Petty,Books,Fiction,2024-11-01,10,813,Completed,United States,Mobile Money
243,Nicole Evans,Home Decor,Wall Art,2024-07-17,2,752,Returned,Nigeria,Credit Card
244,Anthony Adams,Home Decor,Wall Art,2024-02-09,6,267,Returned,Brazil,Cash
245,Richard Jennings,Home Decor,Vase,2024-07-13,6,460,Returned,United States,Mobile Money
246,Douglas Baker,Home Decor,Curtains,2024-07-22,6,308,Returned,Antarctica,Cash
247,Michael Fox,Electronics,Camera,2024-04-12,10,568,Completed,Brazil,Bank Transfer
248,Lisa Oliver,Groceries,Pasta,2024-11-20,5,257,Returned,United States,Bank Transfer
249,Bradley Davis,Books,Cookbook,2024-12-20,7,566,Returned,Brazil,Mobile Money
250,Ronald Johns,Books,Cookbook,2024-11-22,2,121,Returned,United Kingdom,Bank Transfer
251,Alan Nunez,Groceries,Rice,2024-01-06,2,274,Returned,Brazil,Credit Card
252,Daniel Davenport,Electronics,Headphones,2024-12-22,8,336,Completed,Brazil,Credit Card
253,Angel Powers,Electronics,Smartphone,2024-06-24,2,703,Returned,United Kingdom,Cash
254,Ian Frazier,Electronics,Camera,2024-04-11,8,616,Completed,China,Cash
255,Matthew Miller,Apparel,Jeans,2024-05-22,2,601,Completed,Brazil,Credit Card
256,Angela Jones,Home Decor,Cushion,2024-04-10,8,126,Returned,United States,Mobile Money
257,Sarah Drake,Home Decor,Wall Art,2024-11-12,3,843,Returned,Antarctica,Credit Card
258,Sierra Williams,Electronics,Laptop,2024-07-10,3,533,Returned,China,Credit Card
259,Deborah Stephens,Apparel,Dress,2024-07-15,7,200,Returned,China,Bank Transfer
260,Brenda Martin,Groceries,Juice,2024-01-28,6,984,Completed,Brazil,Bank Transfer
261,Gary Wilson,Apparel,Sneakers,2024-10-14,9,678,Returned,China,Bank Transfer
262,Alison Williams,Groceries,Milk,2024-12-29,8,510,Returned,Brazil,Mobile Money
263,Rebecca Hoover,Apparel,Sneakers,2024-10-16,8,572,Returned,Antarctica,Bank Transfer
264,Joseph Blankenship,Electronics,Tablet,2024-10-05,6,565,Returned,United Kingdom,Bank Transfer
265,Robert Velez,Electronics,Laptop,2024-04-17,10,715,Returned,United States,Cash
266,Kimberly Scott,Groceries,Pasta,2024-11-11,3,813,Completed,Brazil,Mobile Money
267,Wendy Sanders,Home Decor,Cushion,2024-10-20,5,985,Returned,United Kingdom,Bank Transfer
268,Eric Cooper,Electronics,Laptop,2024-07-29,1,293,Returned,United Kingdom,Credit Card
269,Jessica Harris,Groceries,Cereal,2024-10-24,1,899,Returned,United Kingdom,Bank Transfer
270,Lisa Craig,Groceries,Cereal,2024-02-02,9,417,Completed,Brazil,Bank Transfer
271,Penny Gomez MD,Groceries,Cereal,2024-06-14,5,355,Completed,Antarctica,Bank Transfer
272,Hannah Richmond,Books,Children's Book,2024-06-24,1,57,Completed,Brazil,Cash
273,Debbie Russell,Electronics,Laptop,2024-08-13,8,10,Returned,China,Credit Card
274,Judy Murray,Electronics,Tablet,2024-12-06,3,63,Returned,China,Credit Card
275,Jennifer Gomez,Apparel,Sneakers,2024-12-01,2,730,Completed,Brazil,Credit Card
276,Hayden Shannon,Groceries,Rice,2024-03-08,10,241,Completed,Antarctica,Credit Card
277,Nicolas Salas II,Electronics,Tablet,2024-03-02,7,720,Completed,Brazil,Credit Card
278,Katherine Joyce,Apparel,Sneakers,2024-03-09,3,80,Completed,Antarctica,Bank Transfer
279,Alexandra Clark,Books,Children's Book,2024-04-21,2,928,Completed,Brazil,Mobile Money
280,Jonathan Clark,Books,Children's Book,2024-06-28,7,332,Completed,United Kingdom,Bank Transfer
281,Adam Fisher,Electronics,Tablet,2024-04-15,9,631,Returned,Antarctica,Credit Card
282,Jason Bell,Groceries,Rice,2024-05-03,8,663,Returned,Antarctica,Cash
283,Greg Edwards,Home Decor,Vase,2024-12-15,3,791,Completed,China,Mobile Money
284,Mary Shepard,Books,Biography,2024-11-17,9,795,Returned,China,Bank Transfer
285,Cameron Rose,Electronics,Tablet,2024-02-10,9,953,Returned,Brazil,Cash
286,Kimberly Taylor,Home Decor,Wall Art,2024-10-27,2,327,Returned,Antarctica,Cash
287,Sarah Cooper,Books,Cookbook,2024-01-29,5,692,Completed,Antarctica,Credit Card
288,Ralph Yates,Electronics,Laptop,2024-12-25,1,177,Returned,China,Credit Card
289,Connie Miller,Books,Biography,2024-03-26,6,139,Returned,Antarctica,Bank Transfer
290,Jason Floyd,Books,Non-Fiction,2024-07-07,3,271,Returned,United Kingdom,Mobile Money
291,Tiffany Brown,Electronics,Laptop,2024-09-17,1,55,Completed,United Kingdom,Bank Transfer
292,Sandra Martinez,Electronics,Headphones,2024-07-05,7,952,Completed,Brazil,Mobile Money
293,Dawn Little,Electronics,Camera,2024-07-09,2,524,Completed,Antarctica,Credit Card
294,Heather Taylor,Apparel,Dress,2024-05-05,3,16,Completed,China,Cash
295,Gregory Oconnor,Books,Biography,2024-11-21,1,983,Returned,United States,Credit Card
296,Cynthia Le,Electronics,Laptop,2024-12-20,5,105,Returned,Brazil,Cash
297,Douglas Ortiz,Groceries,Cereal,2024-08-22,2,604,Completed,Brazil,Mobile Money
298,Beverly Russo,Groceries,Rice,2024-10-30,10,73,Completed,China,Credit Card
299,Amy Grant,Groceries,Cereal,2024-04-29,2,976,Returned,Brazil,Bank Transfer
300,Maurice Andrade,Electronics,Smartphone,2024-03-21,5,856,Completed,Antarctica,Credit Card
301,David Gardner,Books,Fiction,2024-12-12,5,276,Completed,United Kingdom,Bank Transfer
302,Andrew Mitchell,Groceries,Milk,2024-10-11,9,265,Completed,Brazil,Cash
303,Rodney Norris,Apparel,T-Shirt,2024-01-07,1,860,Completed,United Kingdom,Credit Card
304,Jacob Perkins,Apparel,Sneakers,2024-07-09,2,606,Completed,Antarctica,Mobile Money
305,Jessica Conrad,Electronics,Smartphone,2024-08-24,1,182,Returned,Antarctica,Credit Card
306,Caitlin Henderson,Groceries,Cereal,2025-06-18,6,973,Completed,United Kingdom,Mobile Money
307,Victoria Wyatt,Groceries,Cereal,2025-02-02,2,947,Completed,China,Mobile Money
308,Matthew Foster,Apparel,Sneakers,2025-01-08,1,713,Returned,China,Credit Card
309,David Bradley,Home Decor,Curtains,2025-06-03,9,692,Returned,United Kingdom,Bank Transfer
310,Tyler Miller,Books,Children's Book,2025-05-26,7,305,Returned,Nigeria,Mobile Money
311,Taylor Mathis Jr.,Electronics,Smartphone,2025-08-13,7,501,Returned,China,Bank Transfer
312,Candice Ramos,Groceries,Milk,2025-06-07,8,329,Completed,China,Mobile Money
313,Christine Wright,Apparel,Sneakers,2025-01-08,9,785,Completed,United States,Bank Transfer
314,Allison Doyle,Home Decor,Table Lamp,2025-09-02,2,530,Returned,China,Credit Card
315,Meghan Anthony,Home Decor,Curtains,2025-12-04,3,799,Completed,United Kingdom,Bank Transfer
316,Jason Powell,Home Decor,Table Lamp,2025-07-13,10,974,Completed,China,Credit Card
317,Rebecca Moyer,Books,Non-Fiction,2025-06-27,3,179,Completed,United Kingdom,Bank Transfer
318,Daniel Murphy,Books,Non-Fiction,2025-03-09,4,49,Returned,United States,Credit Card
319,Paul Williams,Groceries,Milk,2025-06-19,7,409,Completed,Nigeria,Cash
320,Pamela Jackson,Home Decor,Curtains,2025-11-17,4,149,Completed,United Kingdom,Cash
321,Miguel Jones,Apparel,Jeans,2025-08-06,5,285,Completed,Australia,Bank Transfer
322,Jack Snow,Apparel,Jeans,2025-05-16,10,434,Completed,China,Mobile Money
323,Robert Medina,Apparel,T-Shirt,2025-07-01,7,195,Completed,Nigeria,Bank Transfer
324,Cheryl Allen,Home Decor,Wall Art,2025-07-17,4,432,Completed,China,Mobile Money
325,Joseph Coleman,Electronics,Smartphone,2025-07-27,2,708,Returned,Nigeria,Mobile Money
326,Nathan Stewart,Books,Children's Book,2025-12-17,3,868,Completed,United Kingdom,Credit Card
327,Scott Wilson,Apparel,Jacket,2025-12-16,1,130,Returned,Australia,Mobile Money
328,Regina Gonzalez,Apparel,T-Shirt,2025-12-13,3,744,Returned,United States,Bank Transfer
329,Sydney White,Books,Biography,2025-04-13,1,62,Returned,Nigeria,Mobile Money
330,Frank Garcia,Home Decor,Curtains,2025-08-18,9,385,Returned,Nigeria,Cash
331,David Wilson,Apparel,T-Shirt,2025-12-12,5,465,Completed,Nigeria,Mobile Money
332,Joseph Dean,Electronics,Camera,2025-04-15,2,280,Completed,Nigeria,Credit Card
333,Emily Smith,Books,Non-Fiction,2025-03-06,5,536,Returned,United States,Bank Transfer
334,Kristen Reyes,Apparel,Jacket,2025-10-15,9,754,Completed,China,Cash
335,Diane Evans,Groceries,Milk,2025-08-09,5,292,Returned,Nigeria,Cash
336,Joseph Knight,Home Decor,Table Lamp,2025-08-12,1,521,Returned,United States,Bank Transfer
337,Christina Cruz,Books,Biography,2025-12-09,5,630,Completed,Australia,Bank Transfer
338,Michael Johnson,Books,Non-Fiction,2025-04-28,10,678,Completed,China,Bank Transfer
339,Tanner Mitchell DDS,Books,Non-Fiction,2025-06-26,7,569,Completed,China,Bank Transfer
340,Patricia Becker,Groceries,Milk,2025-11-27,9,185,Returned,Australia,Mobile Money
341,Susan Rivas,Apparel,Jacket,2025-02-22,8,405,Completed,United States,Credit Card
342,Regina Mcdonald,Groceries,Milk,2025-04-10,10,923,Completed,United Kingdom,Cash
343,Jesse Santiago,Groceries,Cereal,2025-06-03,10,325,Returned,Nigeria,Bank Transfer
344,Samantha Davis,Groceries,Juice,2025-10-06,6,564,Completed,Australia,Credit Card
345,Cameron Fisher,Apparel,Jeans,2025-06-21,2,236,Returned,Australia,Mobile Money
346,Richard Camacho,Apparel,T-Shirt,2025-11-03,1,741,Completed,United Kingdom,Cash
347,Larry Garcia,Electronics,Headphones,2025-09-11,6,992,Returned,United Kingdom,Mobile Money
348,Meagan Jenkins,Groceries,Cereal,2025-09-20,5,55,Completed,Australia,Bank Transfer
349,Paula Bradley,Books,Biography,2025-03-26,7,216,Returned,China,Credit Card
350,Crystal Hansen,Apparel,Jacket,2025-12-20,3,375,Returned,United States,Cash
351,Craig Morrison,Apparel,T-Shirt,2025-02-14,10,503,Returned,China,Bank Transfer
352,Sonia Day,Groceries,Juice,2025-06-02,6,974,Completed,United Kingdom,Credit Card
353,Dustin Newman,Groceries,Cereal,2025-07-25,3,486,Completed,United Kingdom,Bank Transfer
354,Kelly Bishop MD,Electronics,Laptop,2025-10-17,5,803,Completed,Nigeria,Credit Card
355,Rachel Holland,Groceries,Cereal,2025-07-25,4,176,Returned,Australia,Cash
356,Felicia Aguilar,Groceries,Milk,2025-03-16,4,468,Returned,United Kingdom,Mobile Money
357,Meagan Calderon,Home Decor,Table Lamp,2025-04-28,3,788,Completed,United Kingdom,Credit Card
358,Kaitlyn Guerra,Apparel,Jacket,2025-02-12,8,509,Completed,Nigeria,Credit Card
359,Ruben Dunn,Home Decor,Curtains,2025-02-04,2,530,Returned,Australia,Bank Transfer
360,Jason Bauer,Home Decor,Table Lamp,2025-04-12,7,744,Completed,China,Credit Card
361,Lynn Andrews,Groceries,Milk,2025-08-23,4,444,Returned,Nigeria,Mobile Money
362,Heather Ashley,Groceries,Juice,2025-07-20,7,474,Completed,China,Mobile Money
363,Haley Quinn,Electronics,Headphones,2025-10-01,8,731,Completed,United States,Bank Transfer
364,Catherine Taylor,Books,Fiction,2025-05-27,2,288,Completed,United States,Bank Transfer
365,Emily Collins,Apparel,Jacket,2025-12-16,8,179,Returned,Nigeria,Cash
366,Mitchell Jackson,Books,Biography,2025-03-09,6,788,Completed,United Kingdom,Bank Transfer
367,Jessica Martinez,Apparel,T-Shirt,2025-08-14,3,949,Completed,Nigeria,Cash
368,Michelle Pierce,Books,Non-Fiction,2025-11-16,8,137,Completed,China,Mobile Money
369,William Conner,Electronics,Headphones,2025-08-26,2,968,Returned,Australia,Bank Transfer
370,Ana Sanders,Groceries,Juice,2025-09-13,9,605,Returned,China,Bank Transfer
371,Evan Jones,Groceries,Cereal,2025-10-02,5,50,Returned,United States,Credit Card
372,Emma Travis,Electronics,Smartphone,2025-12-12,9,647,Completed,United Kingdom,Cash
373,Emma Owens,Apparel,Jacket,2025-05-13,10,253,Completed,United Kingdom,Credit Card
374,Dylan Hughes,Books,Children's Book,2025-06-13,10,525,Returned,United Kingdom,Bank Transfer
375,Andrew Williams,Apparel,Jeans,2025-02-16,6,678,Returned,Australia,Bank Transfer
376,Reginald Knapp,Apparel,Jeans,2025-09-05,6,117,Completed,United States,Mobile Money
377,Mary Burgess,Apparel,Jeans,2025-02-13,3,262,Returned,China,Credit Card
378,Brooke Delgado,Groceries,Juice,2025-07-10,8,360,Returned,China,Cash
379,Casey Gillespie,Groceries,Milk,2025-10-22,10,279,Completed,United Kingdom,Bank Transfer
380,Corey Rodriguez,Books,Non-Fiction,2025-01-18,4,801,Completed,China,Mobile Money
381,Cathy Taylor,Home Decor,Table Lamp,2025-11-28,4,346,Returned,Australia,Cash
382,Tiffany Turner,Apparel,Jeans,2025-02-07,5,215,Returned,Nigeria,Credit Card
383,Michael Durham,Electronics,Laptop,2025-04-17,9,860,Completed,United States,Bank Transfer
384,Donald Hawkins,Apparel,Sneakers,2025-02-07,2,461,Returned,United Kingdom,Credit Card
385,Sarah Davis,Groceries,Cereal,2025-11-27,7,579,Completed,Australia,Bank Transfer
386,Autumn Key,Electronics,Smartphone,2025-10-19,3,982,Returned,Australia,Bank Transfer
387,Kristen Rowe,Groceries,Juice,2025-07-04,2,969,Completed,Nigeria,Bank Transfer
388,Kelly Sanchez,Books,Fiction,2025-01-22,6,563,Completed,Australia,Bank Transfer
389,Alan Bowen,Apparel,Jeans,2025-08-12,7,894,Completed,China,Mobile Money
390,Susan Rodriguez,Home Decor,Table Lamp,2025-08-12,8,177,Completed,Australia,Mobile Money
391,Tyler Stevens,Books,Children's Book,2025-12-28,9,455,Completed,United States,Cash
392,Amanda Mcfarland,Apparel,Jeans,2025-03-21,6,565,Completed,United Kingdom,Bank Transfer
393,Tanya Evans,Electronics,Headphones,2025-09-24,3,565,Completed,Nigeria,Mobile Money
394,Valerie Brown,Apparel,Sneakers,2025-08-26,10,572,Completed,Nigeria,Credit Card
395,Richard Moore,Books,Children's Book,2025-03-02,9,616,Returned,United Kingdom,Bank Transfer
396,Philip Garcia,Books,Biography,2025-04-27,1,692,Returned,China,Credit Card
397,Rachel Shields,Books,Non-Fiction,2025-07-23,6,366,Completed,Australia,Bank Transfer
398,Douglas Hartman,Books,Fiction,2025-01-04,2,132,Returned,China,Cash
399,Sheila Barnes,Electronics,Smartphone,2025-01-21,1,102,Returned,Australia,Credit Card
400,Daniel Burgess,Apparel,Sneakers,2025-10-09,5,644,Completed,Nigeria,Cash
401,Thomas Miller,Home Decor,Vase,2025-03-12,7,171,Returned,United Kingdom,Mobile Money
402,Christopher Castro,Apparel,Jacket,2025-09-01,8,204,Returned,Nigeria,Mobile Money
403,Jessica Johnson,Groceries,Juice,2025-11-14,1,410,Returned,United Kingdom,Credit Card
404,Michael Mcbride,Groceries,Milk,2025-05-05,2,874,Completed,Australia,Cash
405,Jennifer Taylor,Books,Non-Fiction,2025-02-19,7,855,Returned,China,Mobile Money
406,Maria Cooke,Home Decor,Wall Art,2025-04-06,1,386,Completed,Australia,Credit Card
407,Kari Lee,Books,Biography,2025-03-16,9,309,Returned,United States,Bank Transfer
408,Xavier Rowe,Home Decor,Vase,2025-02-21,3,97,Completed,China,Mobile Money
409,Tiffany Robertson,Books,Biography,2025-11-09,4,180,Returned,United Kingdom,Bank Transfer
410,Samantha Simpson,Apparel,Sneakers,2025-06-28,1,187,Returned,Australia,Credit Card
411,Rachel Shannon,Home Decor,Table Lamp,2025-09-26,9,286,Returned,Nigeria,Bank Transfer
412,Brandon Lewis,Home Decor,Vase,2025-01-18,6,541,Returned,Australia,Mobile Money
413,Edwin Reyes,Books,Children's Book,2025-07-12,8,779,Completed,China,Cash
414,Lisa Ramos,Electronics,Laptop,2025-09-09,4,249,Returned,Australia,Mobile Money
415,Peggy Vaughn,Electronics,Headphones,2025-07-16,2,146,Returned,United States,Bank Transfer
416,Bonnie Valencia,Groceries,Cereal,2025-01-08,1,333,Returned,Nigeria,Mobile Money
417,Austin Baker,Groceries,Milk,2025-08-28,9,687,Returned,United States,Cash
418,James Davidson,Apparel,Jacket,2025-07-09,6,342,Completed,Nigeria,Cash
419,Kevin Hines,Home Decor,Table Lamp,2025-11-11,6,461,Completed,China,Mobile Money
420,Lee Parker,Home Decor,Wall Art,2025-02-19,4,371,Returned,United Kingdom,Bank Transfer
421,Patricia Johnson,Books,Biography,2025-02-10,1,200,Returned,United Kingdom,Credit Card
422,Megan Wilson,Electronics,Smartphone,2025-02-06,3,356,Completed,United Kingdom,Bank Transfer
423,Roger Duncan,Books,Fiction,2025-03-04,4,587,Completed,United States,Bank Transfer
424,April Sandoval,Books,Fiction,2025-06-27,4,441,Completed,Nigeria,Mobile Money
425,Dillon Jones,Books,Non-Fiction,2025-12-22,8,953,Completed,United Kingdom,Cash
426,Bryan Howard,Home Decor,Vase,2025-02-05,10,356,Completed,United States,Bank Transfer
427,Angela Osborn,Apparel,Sneakers,2025-07-24,9,855,Returned,Nigeria,Credit Card
428,Daniel Lopez,Books,Non-Fiction,2025-04-26,1,320,Returned,Australia,Mobile Money
429,Vickie Price,Apparel,Jacket,2025-12-20,10,308,Returned,Australia,Bank Transfer
430,Morgan Kim,Apparel,Sneakers,2025-12-16,8,259,Returned,United Kingdom,Cash
431,Kevin Thompson,Apparel,Sneakers,2025-01-27,8,684,Completed,United Kingdom,Cash
432,Heather Bennett,Apparel,Jacket,2025-09-25,6,993,Returned,United States,Mobile Money
433,Karen Davis,Home Decor,Curtains,2025-05-21,1,773,Returned,Nigeria,Mobile Money
434,Leah Spencer,Electronics,Laptop,2025-01-06,8,527,Returned,Australia,Bank Transfer
435,Lisa Martinez,Apparel,Jacket,2025-12-01,10,752,Completed,Australia,Mobile Money
436,Lisa Mills,Groceries,Milk,2025-11-27,1,821,Completed,United Kingdom,Mobile Money
437,Traci Garcia,Apparel,Jeans,2025-09-28,9,733,Returned,China,Cash
438,Ryan Garrison,Groceries,Juice,2025-02-19,7,471,Returned,Australia,Bank Transfer
439,Ann Alexander,Home Decor,Curtains,2025-03-22,2,566,Returned,China,Credit Card
440,Hailey Monroe,Apparel,Sneakers,2025-07-01,1,284,Completed,China,Bank Transfer
441,Donald Nguyen,Electronics,Smartphone,2025-08-17,8,48,Completed,Nigeria,Bank Transfer
442,Cynthia Brown,Apparel,Sneakers,2025-08-05,3,262,Returned,Nigeria,Cash
443,Jason Price,Apparel,T-Shirt,2025-02-28,8,733,Completed,Australia,Bank Transfer
444,William Orozco,Apparel,Sneakers,2025-04-11,8,258,Completed,United States,Mobile Money
445,Christopher Walters,Apparel,Sneakers,2025-03-26,10,405,Completed,Nigeria,Bank Transfer
446,Katherine Christensen MD,Apparel,Jacket,2025-09-24,6,252,Completed,Australia,Mobile Money
447,Elizabeth Williams,Home Decor,Curtains,2025-11-04,10,85,Completed,United States,Cash
448,Ashley Scott,Home Decor,Curtains,2025-04-21,9,67,Completed,Australia,Mobile Money
449,Meghan White,Apparel,Jeans,2025-06-04,3,723,Completed,Australia,Bank Transfer
450,Michael Cruz,Home Decor,Vase,2025-04-15,2,919,Completed,Australia,Credit Card
451,David Stevens,Electronics,Laptop,2025-08-02,2,315,Completed,Nigeria,Bank Transfer
452,Heidi Brown,Electronics,Camera,2025-03-23,3,561,Completed,Nigeria,Cash
453,Peter Walker,Electronics,Smartphone,2025-06-26,1,934,Completed,Nigeria,Mobile Money
454,Levi Lopez,Electronics,Laptop,2025-12-17,1,979,Returned,Australia,Cash
455,Peter Williams,Home Decor,Vase,2025-09-17,1,805,Returned,United Kingdom,Cash
456,Jessica Richards,Books,Fiction,2025-01-09,3,319,Completed,Australia,Bank Transfer
457,Tammy Anderson,Books,Children's Book,2025-05-02,4,872,Completed,China,Cash
458,Stephanie Ferguson,Groceries,Juice,2025-03-12,3,154,Returned,China,Cash
459,Ashley Parrish,Electronics,Smartphone,2025-07-04,10,674,Returned,United Kingdom,Credit Card
460,Kimberly Morrison,Books,Fiction,2025-09-25,8,203,Completed,United States,Credit Card
461,Timothy Gilbert,Home Decor,Wall Art,2025-04-12,5,608,Returned,Australia,Bank Transfer
462,Erin Carter,Home Decor,Curtains,2025-04-21,5,664,Returned,Nigeria,Credit Card
463,Jaime Lang,Home Decor,Curtains,2025-05-25,9,164,Returned,United States,Mobile Money
464,Amanda Jones,Apparel,Sneakers,2025-01-26,4,200,Completed,United Kingdom,Bank Transfer
465,Elizabeth Miller,Groceries,Milk,2025-05-16,4,959,Completed,China,Cash
466,Joseph Taylor,Groceries,Milk,2025-10-12,3,960,Completed,United States,Bank Transfer
467,Traci Camacho,Groceries,Juice,2025-08-09,1,269,Completed,China,Mobile Money
468,Kenneth Long,Electronics,Headphones,2025-01-23,9,498,Completed,Australia,Bank Transfer
469,Michael Young,Apparel,Jacket,2025-03-20,6,662,Completed,China,Bank Transfer
470,Matthew Steele,Groceries,Milk,2025-01-24,1,909,Returned,Nigeria,Mobile Money
471,Reginald Diaz,Home Decor,Vase,2025-12-21,8,189,Completed,Australia,Cash
472,Amanda Juarez,Groceries,Cereal,2025-04-23,4,689,Returned,United Kingdom,Credit Card
473,Courtney Sullivan,Books,Children's Book,2025-09-21,9,485,Returned,China,Cash
474,Linda Elliott,Groceries,Cereal,2025-09-09,2,31,Returned,United States,Mobile Money
475,Sherry Schmidt,Books,Biography,2025-09-12,6,806,Completed,Nigeria,Mobile Money
476,Jacqueline Williams,Home Decor,Curtains,2025-10-08,5,720,Completed,Australia,Cash
477,Brian Simmons,Home Decor,Curtains,2025-07-17,2,420,Completed,United Kingdom,Bank Transfer
478,Richard Avery,Groceries,Juice,2025-12-16,3,10,Completed,Nigeria,Bank Transfer
479,Abigail Davis,Books,Fiction,2025-10-23,1,950,Completed,United Kingdom,Credit Card
480,Andrew Cruz,Apparel,T-Shirt,2025-02-28,7,996,Completed,United States,Mobile Money
481,Laura Benson,Books,Biography,2025-02-01,4,439,Completed,China,Cash
482,Pamela Weaver,Books,Biography,2025-01-03,9,727,Completed,Australia,Mobile Money
483,Robert Mendoza,Electronics,Headphones,2025-02-16,5,314,Completed,Nigeria,Cash
484,Veronica Parks,Home Decor,Table Lamp,2025-09-20,8,419,Returned,Australia,Bank Transfer
485,Pamela Romero,Books,Children's Book,2025-11-26,5,900,Returned,United Kingdom,Bank Transfer
486,Tammy Sellers,Groceries,Cereal,2025-11-27,7,444,Returned,United Kingdom,Bank Transfer
487,Joseph Obrien,Groceries,Cereal,2025-06-06,5,615,Returned,United Kingdom,Mobile Money
488,Austin Smith,Books,Non-Fiction,2025-12-15,7,595,Completed,Australia,Credit Card
489,David Caldwell,Home Decor,Wall Art,2025-01-03,1,669,Completed,Australia,Credit Card
490,Matthew Gomez,Apparel,T-Shirt,2025-08-10,9,967,Completed,Nigeria,Credit Card
491,Maria Brown,Electronics,Smartphone,2025-04-12,5,874,Completed,Nigeria,Bank Transfer
492,Clifford Ford,Groceries,Milk,2025-10-18,6,124,Returned,Australia,Bank Transfer
493,Tammy Allison,Books,Children's Book,2025-10-26,6,894,Returned,Nigeria,Mobile Money
494,Rachel Gibson,Apparel,Jeans,2025-05-23,4,740,Completed,United Kingdom,Cash
495,Lauren Daniels,Home Decor,Wall Art,2025-09-16,10,741,Returned,United States,Bank Transfer
496,Joseph Obrien,Electronics,Smartphone,2025-02-21,1,474,Returned,Nigeria,Cash
497,Amanda Miller,Home Decor,Table Lamp,2025-02-03,7,811,Returned,China,Mobile Money
498,Michael Evans,Groceries,Cereal,2025-03-25,4,247,Completed,Nigeria,Bank Transfer
499,Angel Lewis MD,Home Decor,Vase,2025-03-25,3,774,Returned,United States,Credit Card
500,Joshua Turner,Apparel,Jacket,2025-04-06,5,63,Completed,United Kingdom,Bank Transfer
501,Douglas Clark,Home Decor,Vase,2025-04-17,1,30,Returned,Nigeria,Mobile Money
502,Kimberly Davenport,Electronics,Smartphone,2025-10-01,7,149,Returned,Australia,Cash
503,Richard Rodriguez,Home Decor,Curtains,2025-01-05,4,212,Completed,China,Mobile Money
504,Matthew Ross,Groceries,Juice,2025-01-12,10,639,Returned,United States,Bank Transfer
505,Victoria Johnson,Books,Children's Book,2025-01-25,7,785,Completed,United States,Credit Card
506,Stephanie Lee,Apparel,Jeans,2025-09-15,8,656,Completed,Australia,Bank Transfer
507,Benjamin Beck,Apparel,Jacket,2025-02-03,3,703,Completed,United States,Cash
508,Stephanie Gilbert,Books,Fiction,2025-10-06,3,908,Returned,United States,Mobile Money
509,Jeffrey Carpenter,Home Decor,Wall Art,2025-10-19,7,50,Returned,China,Cash
510,Curtis Johnson,Apparel,Jeans,2025-05-27,10,723,Returned,United Kingdom,Cash
511,Michael Snyder,Apparel,Jeans,2025-11-06,7,568,Returned,United States,Bank Transfer
512,Melissa Marshall,Apparel,Jacket,2025-11-11,6,250,Returned,China,Cash
513,Michelle Wagner,Electronics,Laptop,2025-02-05,4,572,Completed,China,Cash
514,Sara Ramirez,Home Decor,Curtains,2025-01-21,8,849,Returned,Australia,Credit Card
515,George Orozco,Groceries,Cereal,2025-03-17,8,858,Returned,United States,Credit Card
516,Joshua Perry,Books,Children's Book,2025-07-06,1,256,Completed,Nigeria,Bank Transfer
517,Aaron Bell,Electronics,Smartphone,2025-05-22,8,453,Returned,United Kingdom,Credit Card
518,Stephanie Freeman,Groceries,Cereal,2025-06-14,6,218,Returned,Nigeria,Mobile Money
519,Rebecca Ramsey,Books,Children's Book,2025-12-18,7,481,Returned,United Kingdom,Bank Transfer
520,Mary Miller,Apparel,Sneakers,2025-04-09,1,420,Completed,China,Cash
521,Andre Wright,Books,Fiction,2025-08-02,1,98,Returned,China,Bank Transfer
522,Jeffrey Wood,Home Decor,Table Lamp,2025-02-26,1,444,Returned,China,Mobile Money
523,Samuel Rivas,Books,Non-Fiction,2025-12-04,5,858,Completed,United Kingdom,Bank Transfer
524,Daniel Salinas,Books,Biography,2025-09-05,6,914,Completed,Australia,Bank Transfer
525,Michael West,Electronics,Laptop,2025-10-05,5,163,Returned,China,Mobile Money
526,Elizabeth Ward,Groceries,Juice,2025-11-25,9,811,Returned,Australia,Cash
527,Kristen Terry,Groceries,Cereal,2025-11-05,9,828,Completed,United Kingdom,Credit Card
528,David Grant,Home Decor,Wall Art,2025-02-18,8,745,Returned,Nigeria,Cash
529,Kevin Patterson,Books,Biography,2025-09-04,7,238,Completed,China,Mobile Money
530,Juan Moore,Electronics,Smartphone,2025-12-12,1,159,Completed,China,Mobile Money
531,Dwayne Campbell,Groceries,Juice,2025-05-16,10,102,Returned,China,Cash
532,Samantha Morse,Groceries,Cereal,2025-12-06,2,443,Completed,United States,Bank Transfer
533,Kathryn Snyder,Groceries,Milk,2025-02-23,9,10,Completed,Australia,Bank Transfer
534,Alicia Hubbard,Home Decor,Vase,2025-10-12,5,758,Returned,Australia,Credit Card
535,Tanya Kim,Electronics,Smartphone,2025-08-27,10,541,Completed,United Kingdom,Mobile Money
536,Bruce Collier,Home Decor,Wall Art,2025-08-21,1,46,Completed,United Kingdom,Cash
537,Kimberly Gibson,Home Decor,Curtains,2025-07-19,4,82,Returned,China,Mobile Money
538,Robert Woods,Groceries,Cereal,2025-12-17,9,891,Returned,China,Cash
539,Jane Mitchell,Books,Non-Fiction,2025-05-02,4,578,Completed,Australia,Bank Transfer
540,Teresa Adkins,Electronics,Camera,2025-04-16,4,152,Returned,China,Bank Transfer
541,Randy Warren,Apparel,Jeans,2025-02-10,3,288,Completed,Australia,Bank Transfer
542,Brandon Parker,Groceries,Cereal,2025-11-25,1,321,Completed,United Kingdom,Mobile Money
543,Mark Williamson,Home Decor,Wall Art,2025-04-02,7,356,Completed,United Kingdom,Credit Card
544,Joseph Lopez,Electronics,Camera,2025-03-10,2,944,Returned,China,Credit Card
545,Ray Boyd,Home Decor,Table Lamp,2025-12-17,10,172,Completed,Nigeria,Credit Card
546,Donald Wilson,Apparel,Sneakers,2025-08-14,7,70,Completed,United States,Bank Transfer
547,Jonathan Parks,Electronics,Camera,2025-09-19,2,722,Completed,China,Bank Transfer
548,Ashley Freeman,Groceries,Juice,2025-12-11,2,876,Returned,United States,Mobile Money
549,Kimberly Gibson,Apparel,Sneakers,2025-05-10,8,281,Completed,Nigeria,Cash
550,Dawn Diaz,Electronics,Headphones,2025-04-10,7,390,Returned,United States,Bank Transfer
551,Morgan Davenport,Home Decor,Table Lamp,2025-10-04,5,953,Completed,United Kingdom,Cash
552,Theresa Hansen,Home Decor,Curtains,2025-01-09,6,323,Returned,United States,Mobile Money
553,Krista Shea,Home Decor,Wall Art,2025-02-25,3,380,Completed,United Kingdom,Bank Transfer
554,Rebecca Thompson,Books,Fiction,2025-08-28,10,509,Returned,United States,Mobile Money
555,Donald Schultz,Groceries,Cereal,2025-03-27,1,968,Completed,Nigeria,Cash
